product_id,name,description,category_id,price,unit
PRD_001,Apple,"Red Delicious apples are a classic variety known for their distinctive bright red skin and sweet, crisp flesh. They are one of the most popular apple varieties worldwide and are favored for their appealing appearance and delightful flavor. These apples are typically medium to large in size and have a slightly elongated shape.",CAT_001,1.5,Pound
PRD_002,Bananas,"Cavendish bananas are one of the most popular and widely consumed fruits globally. Known for their distinctive bright yellow color and sweet, creamy flesh, these bananas are a beloved tropical fruit. They are characterized by their slightly curved shape and convenient peel-and-eat packaging.",CAT_001,0.75,Pound
PRD_003,Pineapple,"Pineapples are tropical fruits known for their sweet and tangy flavor, as well as their distinctive appearance. They are the fruit of the pineapple plant, which belongs to the Bromeliaceae family. Pineapples are prized for their delicious taste and versatility, making them a popular choice for both fresh consumption and culinary applications.",CAT_001,4,Pound
PRD_004,Grapes,"Red seedless grapes are a delicious and widely enjoyed fruit known for their sweet and juicy flavor. They belong to the Vitis vinifera family and are a popular choice for snacking, adding to fruit salads, and incorporating into various culinary dishes. These grapes are distinguished by their vibrant red or purple skin and absence of seeds.",CAT_001,4,Pound
PRD_005,Berries,"Mixed berries are a delightful assortment of small, colorful fruits, each bursting with a unique and vibrant flavor. They are nature's candy, cherished for their natural sweetness, juicy texture, and versatility. Mixed berries typically include a combination of strawberries, blueberries, raspberries, and blackberries, creating a medley of tastes and textures in every bite.",CAT_001,4,Pack
PRD_006,Citrus,"Citrus fruits are a diverse and flavorful group of fruits known for their bright colors, refreshing taste, and tangy zing. These fruits belong to the citrus genus and are celebrated for their juicy flesh, vibrant aroma, and high vitamin C content. Citrus fruits include a wide range of varieties, each with its unique characteristics and culinary uses, but they all share a common zest for brightening up our palates.",CAT_001,4.5,Bag
PRD_007,Pears,"Bartlett pears are a classic and beloved variety of pear, known for their sweet and succulent flesh, smooth texture, and distinctive pear shape. These pears are cherished for their juicy, refreshing flavor and versatile culinary uses. They are a member of the Pyrus genus and are available in various colors, with the most common being green when ripe.",CAT_001,2,Pcs
PRD_008,Kiwi,"Kiwi, a small yet powerful fruit bursting with vibrant color and a uniquely delicious taste. Our kiwis are carefully selected to ensure you experience the perfect blend of sweetness and tanginess with each bite",CAT_001,1,Pcs
PRD_009,Melon,"Melons, a delectable fruit that embodies the essence of freshness and sweetness. Handpicked at the peak of ripeness, our melons promise a mouthwatering experience with every bite.",CAT_001,4,Pcs
PRD_010,Watermelon,"Watermelon, scientifically known as Citrullus lanatus, is a quintessential summer fruit that's celebrated for its sweet, juicy, and refreshing qualities. Here's a detailed description of this beloved fruit",CAT_001,8,Pcs
PRD_011,Carrots,"Carrots, a versatile and nutritious vegetable that adds a burst of color and flavor to your culinary creations. Our carrots are carefully selected to ensure you experience the pure essence of freshness and crunchiness",CAT_001,1.5,Pound
PRD_012,Spinach,"Spinach, a versatile and nutritious leafy green that elevates your meals with its vibrant color and health benefits. Our spinach is carefully selected to ensure you experience the essence of freshness and wholesome goodness.",CAT_001,3,Bag
PRD_013,Cabbage,"Cabbage, a versatile and nutritious vegetable that enhances your culinary creations with its crunchy texture and health benefits. Our cabbage is carefully selected to ensure you experience the essence of freshness and wholesome goodness",CAT_001,1,Pcs
PRD_014,Broccoli,"Broccoli, a versatile and highly nutritious vegetable that adds a burst of vibrant green color, crispness, and health benefits to your meals. Our broccoli is carefully selected to ensure you experience the essence of freshness and wholesome goodness",CAT_001,3,Pound
PRD_015,Cauliflower,"Cauliflower, a versatile and nutritious vegetable that adds a touch of crispness, mild flavor, and health benefits to your culinary creations. Our cauliflower is carefully selected to ensure you experience the essence of freshness and wholesome goodness",CAT_001,3,Pcs
PRD_016,Parsley,"Parsley, a versatile and aromatic herb that adds a burst of freshness, color, and flavor to your culinary creations. Our parsley is carefully selected to ensure you experience the essence of freshness and vibrant green goodness",CAT_001,2,Bunch
PRD_017,Basil,"Basil, an aromatic herb that infuses your culinary creations with a burst of vibrant flavor and delightful fragrance. Our basil is carefully selected to ensure you experience the essence of freshness and culinary excellence",CAT_001,3,Bunch
PRD_018,Mint,"Mint, a fragrant herb that invigorates your senses with its cooling aroma and distinctive flavor. Our mint is carefully selected to ensure you experience the essence of freshness and culinary delight",CAT_001,3,Bunch
PRD_019,Rosemary,"Rosemary, an aromatic herb that adds a touch of sophistication, a burst of fragrance, and a depth of flavor to your culinary creations. Our rosemary is carefully selected to ensure you experience the essence of freshness and culinary excellence",CAT_001,3,Bunch
PRD_020,Oregano,"Oregano, an aromatic herb that enhances your culinary creations with a burst of flavor and a touch of Mediterranean flair. Our oregano is carefully selected to ensure you experience the essence of freshness and culinary excellence",CAT_001,4,Bunch
PRD_021,Saffron,"Saffron threads, a highly prized spice known for its vibrant color, distinct flavor, and culinary excellence. Our saffron is carefully selected to ensure you experience the essence of luxury and culinary perfection",CAT_001,10,gram
PRD_022,Tenderloin,"Tenderloin steak, a culinary masterpiece known for its exceptional tenderness, buttery texture, and exquisite flavor. Our tenderloin is carefully selected to ensure you experience the epitome of quality and dining indulgence",CAT_002,30,Pound
PRD_023,Rib Eye,"Ribeye steak, a culinary masterpiece renowned for its exceptional marbling, robust flavor, and succulent tenderness. Our ribeye is carefully selected to ensure you experience the pinnacle of quality and dining indulgence",CAT_002,25,Pound
PRD_024,Sirloin,"Sirloin steak is a popular and versatile cut of beef that is known for its balanced flavor and tenderness. It is taken from the sirloin section of the cow, which is located just behind the rib section. Sirloin steaks vary in size and can be boneless or bone-in. The meat is typically lean with a moderate amount of marbling, resulting in a juicy and flavorful steak.",CAT_002,15,Pound
PRD_025,Wagyu,"Wagyu beef is renowned for its exceptional marbling, tenderness, and rich, buttery flavor. It originates from Japanese cattle breeds known for their unique genetics and meticulous care during raising. The term ""Wagyu"" translates to ""Japanese cow"" in English.",CAT_002,150,Pound
PRD_026,Tomahawk,"The Tomahawk steak is a dramatic and visually striking cut of beef that is essentially a ribeye steak with an elongated, frenched bone attached, resembling the handle of a tomahawk. This bone-in presentation makes it a showstopper at the dinner table.",CAT_002,50,Pound
PRD_027,T-Bone,"The T-Bone steak is named for its T-shaped bone, which divides two cuts of beef: the strip steak (also known as the New York strip) on one side and the tenderloin (filet mignon) on the other. It offers a combination of lean and tender meat.",CAT_002,20,Pound
PRD_028,Whole Chicken,"A whole chicken refers to an entire chicken, including the breast, thighs, wings, and drumsticks. It's typically sold with the skin intact and can be prepared in various ways, such as roasting, frying, or grilling. Whole chickens are versatile and offer different cuts for various dishes.",CAT_002,2,Pound
PRD_029,Chicken Breasts,"Chicken breasts are boneless and skinless cuts of chicken meat known for their lean and mild flavor. They are often used in a wide range of dishes, including grilling, baking, sautéing, and stir-frying.",CAT_002,4,Pound
PRD_030,Chicken Thighs,"Chicken thighs are darker meat portions known for their juiciness and slightly richer flavor compared to chicken breasts. They can be prepared boneless or bone-in and are excellent for roasting, braising, or grilling.",CAT_002,3,Pound
PRD_031,Chicken Wings,"Chicken wings are small, flavorful portions of chicken often enjoyed as finger food or appetizers. They can be prepared in a variety of ways, including frying, baking, or grilling, and are often served with various sauces.",CAT_002,3,Pound
PRD_032,Chicken Drumsticks,"Chicken drumsticks are dark meat cuts with a bone, often considered a favorite among children and adults alike. They are commonly seasoned and baked, fried, or grilled for a delicious and convenient meal.",CAT_002,2,Pound
PRD_033,Pork Ribs,"Pork ribs come from the rib section of the pig and are known for their tender and flavorful meat. They are often slow-cooked, smoked, or grilled and are popular for their delicious, fall-off-the-bone texture.",CAT_002,4,Pound
PRD_034,Pork Belly,"Pork belly is a fatty and flavorful cut that includes both meat and layers of fat. It's often used to make dishes like bacon and is also a key ingredient in various Asian cuisines, including pork belly buns and crispy pork belly.",CAT_002,7,Pound
PRD_035,Pork Loin Roast,Pork loin roast is a lean and tender cut of pork often seasoned and roasted. It's a versatile option for creating elegant main courses and can be sliced into pork chops.,CAT_002,6,Pound
PRD_036,Pork Shoulder,"Pork shoulder, also known as pork butt or Boston butt, is a well-marbled cut with rich, porky flavor. It's commonly used for slow-cooked dishes like pulled pork, stews, and carnitas.",CAT_002,4,Pound
PRD_037,Pork Tenderloin,"Pork tenderloin is a lean and tender cut of pork known for its mild flavor. It's versatile and can be prepared by roasting, grilling, or pan-searing. It's often sliced into medallions for serving.",CAT_002,7,Pound
PRD_038,Pork Chops,"Pork chops are bone-in or boneless cuts from the loin or rib area of the pig. They are tender and juicy and can be prepared in various ways, including frying, grilling, or baking.",CAT_002,6,Pound
PRD_039,Tuna,"Tuna is a popular fish known for its firm and meaty texture. It can be grilled, seared, or used in sushi and sashimi dishes. Tuna steaks are prized for their flavor and versatility.",CAT_002,14,Pound
PRD_040,Salmon,"Salmon is a versatile and flavorful fish known for its rich, pink-orange flesh. It can be grilled, baked, broiled, or pan-seared and is often enjoyed for its health benefits.",CAT_002,12,Pound
PRD_041,Black cod,"Black cod, also known as sablefish or butterfish, is a delicate and flaky fish with a mild, buttery flavor. It's often marinated and grilled or broiled to bring out its unique taste.",CAT_002,20,Pound
PRD_042,Mackerel,"Mackerel is a fatty fish with a robust flavor. It's commonly smoked, grilled, or pan-fried and is often used in sushi and traditional dishes in various cuisines.",CAT_002,7,Pound
PRD_043,Eel,"Eel, such as unagi and anago, is a delicacy in Japanese cuisine. It's typically grilled and glazed with a sweet and savory sauce, served over rice in sushi rolls or as part of traditional eel dishes.",CAT_002,15,Pound
PRD_044,White Egg,"White eggs are chicken eggs with white shells. They are commonly used in baking, cooking, and as a source of protein in various dishes.",CAT_003,4,Dozen
PRD_045,Brown Egg,Brown eggs are chicken eggs with brown shells. They have the same nutritional content as white eggs and are often preferred for their organic or free-range origins.,CAT_003,5,Dozen
PRD_046,Chocolate Milk,Chocolate milk is a sweetened milk beverage flavored with cocoa or chocolate syrup. It's a popular choice among both children and adults for its creamy texture and chocolatey taste.,CAT_003,4,Half Gallon
PRD_047,Strawberry Milk,Strawberry milk is a flavored milk drink that combines the goodness of milk with the sweet and fruity taste of strawberries. It's often enjoyed as a refreshing beverage.,CAT_003,4,Half Gallon
PRD_048,Banana Milk,"Banana milk is a dairy-free alternative made by blending bananas with water or a plant-based milk like almond or soy. It has a sweet and fruity flavor with a creamy texture, making it a popular choice for those seeking a non-dairy milk option.",CAT_003,4,Quart
PRD_049,Goat Milk,"Goat milk is a milk product produced by goats. It has a distinct flavor that is often described as creamier and slightly tangier than cow's milk. Goat milk is a source of calcium, vitamins, and minerals.",CAT_003,5,Quart
PRD_050,Hazelnut Milk,Hazelnut milk is a dairy-free milk alternative made from ground hazelnuts and water. It has a mild nutty flavor and is often used as a lactose-free or vegan milk option.,CAT_003,6,Quart
PRD_051,Cheddar,"Cheddar cheese is a popular and versatile cheese known for its creamy texture and sharp, tangy flavor. It can range from mild to extra sharp, with various uses in cooking and snacking.",CAT_003,7,Pound
PRD_052,Mozarella,"Mozzarella cheese is a soft and mild cheese known for its stretchy texture when melted. It's a classic choice for pizza, caprese salad, and many Italian dishes.",CAT_003,6,Pound
PRD_053,Blue Cheese,Blue cheese is a type of cheese characterized by its blue or green veins of mold. It has a strong and tangy flavor with a creamy texture. It's often used in salads and dressings.,CAT_003,10,Pound
PRD_054,Ricotta,"Ricotta cheese is a soft and creamy cheese with a slightly sweet flavor. It's commonly used in Italian cuisine, particularly in dishes like lasagna and stuffed pasta.",CAT_003,5,Pound
PRD_055,Parmesan ,"Parmesan cheese, also known as Parmigiano-Reggiano, is a hard and aged cheese with a rich, nutty flavor. It's often grated and used as a topping for pasta and salads.",CAT_003,10,Pound
PRD_056,American,"American cheese is a processed cheese product known for its mild and creamy texture. It's a common choice for cheeseburgers, grilled cheese sandwiches, and macaroni and cheese.",CAT_003,6,Pound
PRD_057,Greek yogurt,"Greek yogurt is a thick and creamy yogurt with a tangy flavor. It's strained to remove whey, resulting in a higher protein content compared to regular yogurt. It's often enjoyed with fruit or honey.",CAT_003,5,Quart
PRD_058,Soy yogurt,Soy yogurt is a dairy-free alternative to traditional yogurt made from soy milk. It has a creamy texture and can be enjoyed by those with lactose intolerance or dairy allergies.,CAT_003,4,Quart
PRD_059,Goat's milk yogurt.,Goat's milk yogurt is similar to traditional yogurt but made from goat's milk. It has a distinct flavor and may be easier to digest for some individuals.,CAT_003,6,Quart
PRD_060,Sheep's milk yogurt,Sheep's milk yogurt is made from the milk of sheep and is known for its rich and creamy texture. It has a slightly sweeter flavor compared to cow's milk yogurt.,CAT_003,6,Quart
PRD_061,Icelandic yogurt," Icelandic yogurt, also known as skyr, is a thick and creamy yogurt with a mild flavor. It's often high in protein and is a staple in Icelandic cuisine.",CAT_003,6,Quart
PRD_062,Normal yakult,"Normal Yakult is a popular probiotic dairy beverage that originated in Japan. It is made from fermented milk and contains the beneficial bacteria strain known as ""Lactobacillus casei Shirota.",CAT_003,7,Pack
PRD_063,Light yakult,Light Yakult is a variation of the traditional Yakult probiotic drink with a reduced-calorie content. It is formulated to provide the same probiotic benefits as regular Yakult but with fewer calories and less sugar. ,CAT_003,7,Pack
PRD_064,Quail Egg,"Quail eggs are small eggs laid by quail birds. They have a delicate flavor and are often used in Asian cuisine, salads, or as garnishes.",CAT_003,0.5,Pcs
PRD_065,Duck Egg,Duck eggs are larger than chicken eggs and have a richer flavor and creamier yolk. They are used in various culinary applications and are favored in baking.,CAT_003,1.5,Pcs
PRD_066,Frozen Green Beans,"Frozen green beans are green beans that have been blanched and frozen. They are a convenient option for adding vegetables to dishes and can be steamed, boiled, or sautéed.",CAT_004,3,Bag
PRD_067,Frozen Broccoli,"Frozen broccoli consists of broccoli florets that have been frozen. It's a versatile frozen vegetable that can be used in stir-fries, casseroles, and as a side dish.",CAT_004,4,Bag
PRD_068,Frozen Cauliflower, Frozen cauliflower includes cauliflower florets that have been frozen. It can be used as a lower-carb substitute for mashed potatoes or as a side dish.,CAT_004,4,Bag
PRD_069,Frozen Corn,"Frozen corn is sweet corn kernels that have been frozen. It's a common addition to soups, stews, and as a side vegetable.",CAT_004,4,Bag
PRD_070,Frozen Carrots,"Frozen carrots consist of carrot slices or chunks that have been frozen. They are used in a variety of dishes, including soups, stews, and casseroles.",CAT_004,4,Bag
PRD_071,Nugget,"Nuggets are small, bite-sized pieces of meat or meat alternatives that are breaded and often fried. They are a popular choice among children and adults.",CAT_004,5,Bag
PRD_072,French Fries,French fries are thin strips of potatoes that have been fried until crispy. They are a classic side dish and snack item enjoyed with various condiments.,CAT_004,4,Bag
PRD_073,Sausage,Sausage is a seasoned and flavored meat product often encased in a casing. It can be made from various meats and spices and is used in a wide range of dishes.,CAT_004,7,Pack
PRD_074,Pizza,"Pizza is a popular dish consisting of a round, flatbread crust topped with tomato sauce, cheese, and various toppings. It can be customized to suit individual preferences.",CAT_004,10,Pcs
PRD_075,Dim sum,"Dim sum is a Chinese cuisine style featuring a variety of small, flavorful dishes served in steamer baskets or on small plates. It includes items like dumplings, buns, and spring rolls.",CAT_004,5,Pack
PRD_076,Chocolate Ice Cream,"Chocolate ice cream is a frozen dessert made with a base of milk, cream, sugar, and cocoa or chocolate. It has a rich and indulgent chocolate flavor.",CAT_004,3,Quart
PRD_077,Milo Ice Cream,"Milo ice cream is a frozen dessert flavored with Milo, a popular chocolate and malt powder. It has a unique malty-chocolate taste and is a favorite in some regions.",CAT_004,4,Quart
PRD_078,Banana Ice Cream,"Banana ice cream is a frozen dessert made from pureed bananas. It has a naturally sweet and creamy flavor, often without added sugar or dairy.",CAT_004,4,Quart
PRD_079,Strawberry Ice Cream,Strawberry ice cream is a delightful frozen dessert made with a creamy base and real or artificial strawberry flavor. It typically features pieces of strawberries or swirls of strawberry sauce for a sweet and fruity taste.,CAT_004,5,Quart
PRD_080,Vanilla Ice Cream,"Vanilla ice cream is a classic and creamy dessert known for its rich, smooth texture and the natural flavor of vanilla beans. It serves as a versatile base for various toppings and mix-ins.",CAT_004,6,Quart
PRD_081,Wasabi Ice Cream,"Wasabi ice cream is a unique and daring frozen treat that combines the coolness of ice cream with the intense, spicy flavor of wasabi, a Japanese horseradish. It offers a surprising and bold taste experience.",CAT_004,6,Quart
PRD_082,Baguette,"A baguette is a long, thin French bread with a crisp crust and soft, airy interior. It's a staple of French cuisine and is often used for making sandwiches or served with cheese.",CAT_005,4,Loaf
PRD_083,Croissant, A croissant is a buttery and flaky pastry known for its crescent shape. It's a classic French pastry enjoyed for breakfast or as a snack and can be filled with various ingredients like chocolate or almond paste.,CAT_005,3,Each
PRD_084,white bread,"White bread is a soft and fluffy bread made from refined wheat flour. It's a common choice for sandwiches and toast, known for its mild flavor and texture.",CAT_005,4,Loaf
PRD_085,Wholegrain Bread,"Wholegrain bread is made from whole wheat flour, retaining the bran and germ, making it a healthier option compared to white bread. It offers a nutty flavor and is rich in fiber.",CAT_005,5,Loaf
PRD_086,Rye Bread,Rye bread is a dense and hearty bread made primarily from rye flour. It has a slightly tangy flavor and is popular in Scandinavian and Eastern European cuisines.,CAT_005,6,Loaf
PRD_087,Apple pie,"Apple pie is a classic dessert consisting of a flaky pastry crust filled with sliced apples, sugar, and spices. It's often served warm and may be topped with ice cream or whipped cream.",CAT_005,10,Pie
PRD_088,Chocolate chip cookies,"Chocolate chip cookies are sweet, chewy cookies studded with chocolate chips or chunks. They are a beloved treat with a perfect balance of sweetness and chocolate flavor.",CAT_005,5,Dozen
PRD_089,Bagels,"Bagels are round, dense bread rings with a chewy texture. They are often boiled before baking, giving them a distinctive crust. Bagels can be sliced and toasted, then topped with various spreads.",CAT_005,2,Each
PRD_090,Cream puffs,"Cream puffs are delicate, hollow pastries filled with sweet whipped cream or custard. They are typically dusted with powdered sugar and make for a delightful dessert.",CAT_005,3,Each
PRD_091,Blueberry muffins,"Blueberry muffins are moist and tender baked treats filled with juicy blueberries. They are a popular breakfast or snack option, known for their fruity and slightly sweet flavor.",CAT_005,3,Each
PRD_092,Red velvet cake,"Red velvet cake is a rich and velvety dessert known for its striking red color. It's typically flavored with cocoa and buttermilk, and it's often paired with cream cheese frosting.",CAT_005,30,Cake
PRD_093,Chocolate cake,"Chocolate cake is a decadent dessert made with cocoa or chocolate. It can vary from dark and fudgy to light and fluffy, and it's often topped with chocolate frosting.",CAT_005,25,Cake
PRD_094,Strawberry Cake,Strawberry cake is a sweet and fruity dessert made with strawberry-flavored cake layers and often filled with fresh strawberries or strawberry frosting.,CAT_005,25,Cake
PRD_095,Oreo cake,Oreo cake features layers of chocolate cake or cookies-and-cream cake with Oreo cookie pieces and a creamy filling. It's a treat for Oreo cookie enthusiasts.,CAT_005,25,Cake
PRD_096,Blueberry cake,Blueberry cake is a moist and flavorful dessert filled with fresh or frozen blueberries. It offers a delightful burst of berry flavor in every bite.,CAT_005,25,Cake
PRD_097,Coca-cola,"Coca-Cola, often referred to as Coke, is a popular carbonated soft drink known for its sweet and refreshing taste. It has a distinct cola flavor and is widely enjoyed worldwide.",CAT_006,2,Bottle
PRD_098,Sprite,"Sprite is a clear and lemon-lime flavored carbonated beverage. It's known for its crisp and citrusy taste, making it a popular choice for a refreshing drink.",CAT_006,2,Bottle
PRD_099,Fanta,"Fanta is a fruity carbonated soda available in various flavors, such as orange, grape, and pineapple. It's characterized by its bold and fruity taste.",CAT_006,2,Bottle
PRD_100,Mountain Dew,"Mountain Dew is a citrus-flavored carbonated soft drink known for its vibrant green color and bold, citrusy taste. It offers a refreshing and energizing experience.",CAT_006,2,Bottle
PRD_101,Pepsi,Pepsi is a cola-flavored carbonated soft drink similar to Coca-Cola. It has a distinctive cola taste and is a popular alternative to other cola beverages.,CAT_006,2,Bottle
PRD_102,Green Tea,Green tea is a mild and soothing beverage made from the leaves of the Camellia sinensis plant. It's known for its earthy and slightly grassy flavor and is a source of antioxidants.,CAT_006,5,Box
PRD_103,Jasmine Tea,"Jasmine tea is a fragrant tea infused with jasmine blossoms. It has a delicate and floral aroma, with a subtly sweet and soothing taste.",CAT_006,5,Box
PRD_104,Oolong Tea,Oolong tea is a partially oxidized tea that falls between green and black tea in terms of flavor and caffeine content. It offers a range of flavors from floral to toasty.,CAT_006,5,Box
PRD_105,Black Tea,Black tea is a fully oxidized tea with a robust and bold flavor. It's commonly served with or without milk and sugar and can vary in taste from malty to fruity.,CAT_006,5,Box
PRD_106,White Tea,White tea is a delicate and minimally processed tea made from young tea leaves and buds. It has a light and slightly sweet flavor with subtle floral notes.,CAT_006,5,Box
PRD_107,Americano,An Americano is a coffee drink made by diluting a shot of espresso with hot water. It results in a milder coffee flavor and is often enjoyed black or with added cream and sugar.,CAT_006,4,Cup
PRD_108,Mocha,"Mocha is a coffee beverage that combines espresso with chocolate, typically in the form of cocoa powder or chocolate syrup. It's known for its rich and indulgent flavor.",CAT_006,5,Cup
PRD_109,Cappucino,"A cappuccino is an espresso-based coffee drink that consists of equal parts espresso, steamed milk, and milk foam. It's known for its balanced and creamy texture.",CAT_006,5,Cup
PRD_110,Latte,A latte is a coffee drink made with espresso and a larger amount of steamed milk. It has a mild coffee flavor and is often topped with a small amount of milk foam.,CAT_006,4,Cup
PRD_111,Espresso,Espresso is a concentrated coffee beverage made by forcing hot water through finely-ground coffee beans. It has a strong and bold flavor with a rich crema on top.,CAT_006,3,Shot
PRD_112,Vodka,Vodka is a clear and neutral spirit known for its high alcohol content and versatility in cocktails. It has a clean and neutral taste.,CAT_006,30,Bottle
PRD_113,Rum,"Rum is a distilled spirit made from sugarcane or molasses. It comes in various types, including light, dark, and spiced, with flavors ranging from sweet to robust.",CAT_006,25,Bottle
PRD_114,Tequila,"Tequila is a distilled spirit made from the fermented juice of the blue agave plant. It's known for its unique and often bold flavor, with varieties ranging from blanco (silver) to añejo (aged).",CAT_006,40,Bottle
PRD_115,Whiskey,"Whiskey is a distilled spirit made from fermented grain mash, which can include barley, corn, rye, or wheat. It offers a diverse range of flavors and styles, including bourbon, Scotch, and more.",CAT_006,90,Bottle
PRD_116,Gin,"Gin is a clear spirit flavored with botanicals, primarily juniper berries. It has a distinct herbal and aromatic flavor and is a key ingredient in classic cocktails like the gin and tonic.",CAT_006,30,Bottle
PRD_117,Glass and Window Cleaners,"Glass and window cleaners are formulated to remove dirt, streaks, and smudges from glass surfaces, leaving them clear and shiny.",CAT_007,5,Bottle
PRD_118,Bathroom Cleaners,"Bathroom cleaners are specifically designed to clean and disinfect bathroom surfaces, including sinks, showers, tubs, and toilets. They help eliminate mold, mildew, and soap scum.",CAT_007,7,Bottle
PRD_119,Disinfectant Cleaners,"Disinfectant cleaners are household cleaning products that contain active ingredients designed to kill germs, bacteria, and viruses on various surfaces. They are commonly used for sanitizing.",CAT_007,8,Bottle
PRD_120,Floor Cleaners,"oor cleaners are formulated to clean and maintain different types of flooring, such as tile, hardwood, laminate, or vinyl. They help remove dirt and stains while leaving floors looking clean and shiny.",CAT_007,7,Bottle
PRD_121,Laundry Detergent,"Laundry detergent is a cleaning product specifically designed for washing clothes. It comes in various forms, including liquid, powder, and pods, and contains cleaning agents that remove dirt, stains, and odors from clothing during the washing process. Laundry detergents are available in various scents and formulations to cater to different washing machine types and laundry needs.",CAT_007,20,Bottle
PRD_122,Fabric Softener,"Fabric softener is a laundry product used in the washing machine to add a layer of softness and freshness to clothing and linens. It helps reduce static cling, makes fabrics feel smoother, and imparts a pleasant scent. Fabric softeners are available in liquid or sheet form and can enhance the comfort and aroma of freshly laundered items.",CAT_007,10,Bottle
PRD_123,Bleach,"Bleach is a powerful disinfectant and cleaning agent used to whiten and sanitize laundry, remove stains, and disinfect surfaces. It is available in both chlorine bleach and oxygen bleach varieties. Chlorine bleach is effective for whitening and disinfection, while oxygen bleach is gentler on fabrics and colored items.",CAT_007,5,Bottle
PRD_124,Stain Removers,"Stain removers are specialized cleaning products designed to target and remove specific stains, such as grease, ink, wine, or grass. They come in various forms, including sprays, gels, sticks, and pens, and are applied directly to stains before washing or as a pre-treatment to help lift and eliminate the stain.",CAT_007,10,Bottle
PRD_125,Dishwasher Detergent,"Dishwasher detergent is a cleaning product specifically formulated for use in automatic dishwashers. It contains enzymes and surfactants that break down and remove food residue and grease from dishes, glasses, and utensils. Dishwasher detergents are available in various forms, including powder, gel, and tabs, and are essential for achieving sparkling clean dishes.",CAT_007,15,Bottle
PRD_126,Dishwasher Rinse Aid,"Dishwasher rinse aid is an additive used in automatic dishwashers to improve the drying process and reduce water spots and streaks on dishes. It helps water sheet off dishes more evenly, allowing them to dry more efficiently and with a shine. Rinse aid is especially beneficial in hard water areas.",CAT_007,10,Box
PRD_127,Dish Brush,"A dish brush is a kitchen cleaning tool with bristles designed for scrubbing and cleaning dishes, pots, pans, and utensils. It typically has a handle for a comfortable grip and is used in conjunction with dishwashing soap to remove food residues and grease from surfaces.",CAT_007,5,Bottle
PRD_128,Dishwasher Deodorizers,Dishwasher deodorizers are products designed to combat unpleasant odors that can develop inside dishwashers over time. They contain odor-fighting agents that help keep the dishwasher smelling fresh and clean. Deodorizers are usually placed in the dishwasher during a cycle to neutralize odors and leave a pleasant fragrance.,CAT_007,10,Pcs
PRD_129,Monday Haircare Volume Shampoo and Conditioner,"Say hello to the newest kid on the supermarket block. Monday promises salon-quality products at affordable prices – not to mention the range is also free of any nasties. The bottles are made with recycled plastic and they look SO CUTE in your bathroom. We’re fans of the volume version, but they have shampoo and conditioner sets available in smoothing, repairing and, sensitive-friendly variations too.",CAT_008,10,Bottle
PRD_130,Sukin Hydrating Shampoo and Conditioner,"Those who love affordable and natural haircare, swear by Sukin. The hydrating shampoo and conditioner combo contains shea butter and coconut to tame frizz and repair dry and damaged hair, while olive oil strengthens and adds shine.",CAT_008,15,Bottle
PRD_131,OGX Argan Oil of Morocco Shampoo and Conditioner,"If you haven’t already tried this household fave, then well, you really need to. Guaranteed silky, heavenly perfection. The hydrating argan oil helps protect hair from heat and UV damage, plus it’s also available in a travel size option if you want to try before committing. ",CAT_008,20,Bottle
PRD_132,Garnier Hair Food,"Garnier’s Hair Food range, which comes in papaya, goji and macadamia (just to name a few), can be used as a hair mask, intense conditioner or leave-in treatment. 

The delicious, natural and vegan treatments are suitable for coloured hair and are a fast way to get healthy and smooth locks.",CAT_008,12,Bottle
PRD_133,TRESemmé Violet Blonde Shampoo and Conditioner,"This duo is great for those who want to give their blonde hair a refresh, but can’t get to the salon for a toner. TRESemmé’s first range specifically for blondes, combines pearl extract and violet toning pigment to help neutralise brassy and yellow tones.",CAT_008,15,Bottle
PRD_134,Olay Regenerist Micro-Sculpting Cream,"Olay Regenerist Micro-Sculpting Cream is a high-performance anti-aging moisturizer. It is designed to hydrate and revitalize the skin, reducing the appearance of fine lines and wrinkles. This cream is known for its advanced formula that contains ingredients to promote firmer, more youthful-looking skin.",CAT_008,35,Jar
PRD_135,Cetaphil Daily Hydrating Lotion with Hyaluronic Acid,"Cetaphil Daily Hydrating Lotion is a lightweight, non-greasy moisturizer enriched with hyaluronic acid. It is specially formulated to provide long-lasting hydration to the skin while maintaining a gentle and non-irritating formula suitable for daily use.",CAT_008,20,Bottle
PRD_136,Olay Advanced Cleansing System,"The Olay Advanced Cleansing System is an electronic facial cleansing brush designed to exfoliate and cleanse the skin effectively. It helps remove dirt, oil, and makeup, leaving the skin feeling smoother and refreshed.",CAT_008,40,pcs
PRD_137,Garnier Skin Active Hydra Bomb Tissue Face Mask Green Tea,"The Garnier Skin Active Hydra Bomb Tissue Face Mask infused with green tea extract is a sheet mask designed to hydrate and refresh the skin. It provides a relaxing and nourishing experience, leaving the skin feeling revitalized and glowing.",CAT_008,4,Pcs
PRD_138,Asda Protect Moisturising Sun Lotion SPF30,Asda Protect Moisturising Sun Lotion SPF30 is a sunscreen lotion designed to protect the skin from harmful UV rays while providing moisturization. It's suitable for use during outdoor activities and offers broad-spectrum sun protection.,CAT_008,10,Bottle
PRD_139,Asda Protect Refreshing Clear Sun Spray SPF30,Asda Protect Refreshing Clear Sun Spray SPF30 is a convenient sunscreen spray that offers easy application and effective sun protection. It helps prevent sunburn and can be used on both the body and face.,CAT_008,15,Bottle
PRD_140,Boots Soltan Protect & Moisturise Lotion, Boots Soltan Protect & Moisturise Lotion is a sun protection lotion that combines SPF with moisturizing properties. It helps keep the skin hydrated while guarding against sun damage.,CAT_008,12,Bottle
PRD_141,Boots Soltan Kids Protect & Moisturise Lotion,Boots Soltan Kids Protect & Moisturise Lotion is a sunblock lotion specially formulated for children's sensitive skin. It provides SPF protection while helping to keep their skin soft and moisturized.,CAT_008,12,Bottle
PRD_142,SEVEN SEAS HIGADO 170ML,Seven Seas Hígado is a liver tonic supplement often used to support liver health. It may contain essential nutrients and vitamins beneficial for liver function.,CAT_008,10,Pcs
PRD_143,SUPER DRUG VANISH REMOVER...,Superdrug Vanish Remover is a stain remover designed to help eliminate various types of stains from clothing and fabrics.,CAT_008,5,Pcs
PRD_144,GLYCERINE HAND NAIL 100ML,"Glycerine Hand and Nail Cream is a moisturizing cream that helps nourish and hydrate the skin on the hands and nails, promoting softness and healthy-looking nails.",CAT_008,6,Pcs
PRD_145,JEE NAIL POLISH REMOVER 110ML,"Jee Nail Polish Remover is a product designed to effectively and safely remove nail polish, allowing for easy nail care and color changes.",CAT_008,5,Pcs
PRD_146,Toothbrush,"A toothbrush is an oral hygiene tool designed for brushing teeth and gums. It comes in various styles, including manual and electric, to help maintain oral health.",CAT_008,5,Pcs
PRD_147,Toothpaste,Toothpaste is a dental care product used with a toothbrush to clean teeth. It typically contains fluoride and other ingredients to help prevent tooth decay and maintain fresh breath.,CAT_008,5,Tube
PRD_148,Mouthwashes,"Mouthwashes are oral hygiene products used to rinse the mouth. They can help reduce bad breath, kill bacteria, and promote overall oral health.",CAT_008,8,Bottle
PRD_149,Floss,Dental floss is a thin strand used for cleaning between teeth and removing food particles and plaque from hard-to-reach areas.,CAT_008,5,Pack
PRD_150,Pampers Swaddlers Diaper ,"Pampers Swaddlers Diapers are soft and absorbent disposable diapers designed for infants. They provide comfort and protection, keeping babies dry and comfortable.",CAT_009,0.5,Pcs
PRD_151,Huggies Natural Care Sensitive Unscented Baby Wipes,Huggies Natural Care Baby Wipes are gentle and unscented wipes designed for sensitive baby skin. They are suitable for cleaning and diaper changing.,CAT_009,1,Pack
PRD_152,Pull-Ups Boys' Potty Training Pants,Pull-Ups Boys' Potty Training Pants are training pants designed to help toddlers transition from diapers to potty training. They offer easy on-and-off and encourage independence.,CAT_009,2,Pcs
PRD_153,Goodnites Overnight Underwear for Boys,Goodnites Overnight Underwear for Boys are absorbent underwear designed for older children who may need nighttime protection. They provide discreet and comfortable overnight leakage protection.,CAT_009,1,Pcs
PRD_154,NESTLE NAN PRO FOLLOW UP,Nestlé NAN PRO FOLLOW UP is an infant formula designed for older infants as part of their transition to solid foods. It provides essential nutrients to support their growth and development.,CAT_009,15,Pack
PRD_155,NESTLE CERELAC INFANT.,Nestlé Cerelac Infant Cereal is a nutritious baby cereal suitable for introducing solid foods to infants. It comes in various flavors and provides essential nutrients.,CAT_009,10,Pack
PRD_156,NESTLE LACTOGEN INFANT,Nestlé Lactogen Infant Formula is a milk-based formula designed to provide complete nutrition for infants who may not be breastfed.,CAT_009,10,Pack
PRD_157,NESTLE NAN PRO 1 INFANT,Nestlé NAN PRO 1 Infant Formula is a specially formulated milk-based infant formula designed for newborns and infants up to 6 months of age.,CAT_009,20,Pack
PRD_158,Barbies,Barbies are popular fashion dolls known for their versatility and wide range of accessories. They allow for creative play and storytelling.,CAT_009,30,Pcs
PRD_159,Hot Wheels,"Hot Wheels are miniature toy cars known for their detailed designs and fast, track-worthy performance.",CAT_009,5,Pcs
PRD_160,Mini Metal Shopping Trolley,A mini metal shopping trolley is a decorative or novelty item designed to resemble a small shopping cart typically seen in grocery stores. It can be used for fun or as a unique storage container.,CAT_009,15,Pcs
PRD_161,Lego,"Lego is a popular brand of interlocking plastic bricks and blocks used for building a wide range of creative structures, vehicles, and objects. It encourages imaginative play and is enjoyed by both children and adults.",CAT_009,10,Pcs
PRD_162,Happy Dog,Happy Dog is a brand of dog food that offers a variety of nutritious and balanced options to meet the dietary needs of dogs. It is formulated to support their health and well-being.,CAT_010,50,Bag
PRD_163,Blue Buffalo," Blue Buffalo is a brand of high-quality pet food, including dog and cat food, known for its natural ingredients and premium nutrition.",CAT_010,60,Bag
PRD_164,Whiskas,"Whiskas is a brand of cat food known for its cat-specific formulations, including dry kibble and wet food options, designed to provide cats with the essential nutrients they need.",CAT_010,20,Bag
PRD_165,Moochie,"Moochie is a brand of pet food that offers a range of products designed to cater to the dietary needs of pets, including dogs and cats.",CAT_010,50,Bag
PRD_166,Pedigree,Pedigree is a well-known brand of dog food and treats known for its formulations that support the health and vitality of dogs.,CAT_010,40,Bag
PRD_167,Food and Water Bowls,"Food and water bowls are containers used to provide food and water for pets. They come in various materials, sizes, and designs, ensuring pets have access to their meals.",CAT_010,20,Pcs
PRD_168,Leashes and Collars,Leashes and collars are essential pet accessories used for walking dogs. Collars may also have identification tags attached to them.,CAT_010,30,Pcs
PRD_169,Pet Carriers,"Pet carriers are portable enclosures used for transporting pets, such as cats, small dogs, or other animals, safely and comfortably.",CAT_010,70,Pcs
PRD_170,Pet Waste Bags,Pet waste bags are used for cleaning up after dogs during walks. They are designed to securely contain and dispose of pet waste.,CAT_010,10,Pcs
PRD_171,Nail Clippers,"Nail clippers for pets are grooming tools used to trim the nails of dogs, cats, and other animals to maintain their paw health.",CAT_010,10,Pcs
PRD_172,Ear Cleaners,"Ear cleaners for pets are solutions or tools designed to clean the ears of dogs and cats, helping to prevent ear infections and maintain ear hygiene.",CAT_010,10,Pcs
PRD_173,Flea Combs,Flea combs are grooming tools with fine teeth used to remove fleas and flea eggs from a pet's fur.,CAT_010,10,Pcs
PRD_174,Grooming Gloves,Grooming gloves are wearable mitts with textured surfaces used for pet grooming. They help remove loose hair and promote a shiny coat.,CAT_010,15,Pcs
PRD_175,Seeds,"Seeds are the tiny, dormant plants enclosed in protective shells. They are used for planting and growing various types of plants, including flowers, vegetables, and herbs.",CAT_011,10,Packet
PRD_176,Pots and Planters,"Pots and planters are containers used for planting and displaying plants, flowers, and shrubs. They come in various sizes, materials, and designs.",CAT_011,30,Pcs
PRD_177,Soil and Potting Mix,Soil and potting mix are blends of organic and inorganic materials used to provide plants with essential nutrients and support their growth in containers or gardens.,CAT_011,10,Pcs
PRD_178,Fertilizers,Fertilizers are substances added to soil or plants to enhance their nutrient content and promote healthy growth and flowering.,CAT_011,20,Pcs
PRD_179,Tableware,"Tableware includes items like plates, bowls, glasses, and utensils used for setting the table and serving meals.",CAT_011,20,Sets
PRD_180,Picture Frames,Picture frames are decorative items used to display photographs or artworks. They come in various styles and materials.,CAT_011,15,Pcs
PRD_181,Mirrors,Mirrors are reflective surfaces typically used for grooming and checking one's appearance. They also serve as decorative elements in home decor.,CAT_011,30,Pcs
PRD_182,Lamps,"Lamps are lighting fixtures that provide illumination. They come in various styles, including table lamps, floor lamps, and pendant lamps.",CAT_011,10,Pcs
PRD_183,Baking sheets,"Baking sheets are flat, rectangular pans used for baking cookies, pastries, and other baked goods in the oven.",CAT_011,20,Pcs
PRD_184,Whisks,"Whisks are kitchen utensils with a handle and wire loops used for mixing and beating ingredients, such as eggs, sauces, and batters.",CAT_011,20,Pcs
PRD_185,Can Opener,A can opener is a kitchen tool used for safely opening cans by removing the top lid.,CAT_011,30,Pcs
PRD_186,Mixing Bowls,Mixing bowls are containers used for combining and mixing ingredients when cooking or baking.,CAT_011,30,Pcs
PRD_187,NongShim Shin Black Noodle Soup,"NongShim Shin Black Noodle Soup is a popular Korean instant noodle dish known for its spicy flavor. It features chewy noodles and a rich, savory broth with a spicy kick.",CAT_013,4,Pack
PRD_188,Prima Taste Singapore Laksa La Mian, Prima Taste Singapore Laksa La Mian is an instant noodle product that captures the rich and aromatic flavors of Singaporean laksa. It includes noodles and a flavorful laksa paste.,CAT_013,6,Pack
PRD_189,NongShim Chapagetti & Neoguri ,"NongShim Chapagetti & Neoguri is a combination of two Korean instant noodle flavors—Chapagetti, which is a black bean sauce noodle, and Neoguri, which is a seafood and spicy noodle. This combination offers a unique and satisfying taste experience.",CAT_013,4,Pack
PRD_190,Oh! Ricey Instant Rice Noodles Pho Bo (Beef Flavor),Oh! Ricey Instant Rice Noodles Pho Bo is an instant pho soup that brings the authentic flavors of Vietnamese beef noodle soup to your table. It features rice noodles and a flavorful beef broth.,CAT_013,4,Pack
PRD_191,Organic Basmati Rice,Organic Basmati Rice is a long-grain rice variety known for its fragrant aroma and delicate flavor. It is grown organically without synthetic pesticides or fertilizers.,CAT_013,15,Bag
PRD_192,Organic Chia Seeds Pouch,"Organic Chia Seeds are small seeds packed with nutrition. They are rich in fiber, omega-3 fatty acids, and antioxidants. Chia seeds are versatile and can be added to various dishes and beverages.",CAT_013,10,Pouch
PRD_193,Organic Brown & Wild Rice,Organic Brown & Wild Rice is a blend of organic brown rice and wild rice. It offers a nutty flavor and is a healthy choice for rice-based dishes.,CAT_013,10,Bag
PRD_194,Organic Jasmine Rice,Organic Jasmine Rice is a fragrant rice variety known for its floral aroma and slightly sweet taste. It is organically grown and adds a delightful dimension to meals.,CAT_013,15,Bag
PRD_195,"365 by Whole Foods Market, Organic Whole Wheat Penne Rigate","365 by Whole Foods Market offers Organic Whole Wheat Penne Rigate, a pasta option made from whole wheat flour. It's an excellent choice for those looking for a healthier pasta option.",CAT_013,5,Pack
PRD_196,"BARILLA Ready Pasta, Penne Non-GMO",BARILLA Ready Pasta offers the convenience of pre-cooked penne pasta that is non-GMO. It can be quickly heated and served with your favorite sauces.,CAT_013,4,Pack
PRD_197,Knorr Pasta Sides For Delicious Quick Pasta,Knorr Pasta Sides offer a convenient way to prepare delicious pasta dishes quickly. These sides come in a variety of flavors and are perfect for easy meal preparation.,CAT_013,2.5,Pack
PRD_198,Chuster Square-Shaped Quadretti Style Pasta Flakes,Chuster Square-Shaped Quadretti Style Pasta Flakes are a type of pasta known for their square shape. They are versatile and can be used in various pasta recipes.,CAT_013,5,Pack
PRD_199,ROSRISS Womens Plus-Size V Neck T Shirts Summer Tops Rolled Short Sleeve Tunics,"ROSRISS Women's Plus-Size V Neck T-Shirts are comfortable and stylish summer tops. They feature a V-neck design and rolled short sleeves, making them perfect for warm weather.",CAT_014,25,Shirt
PRD_200,"Gildan Adult Heavy Cotton T-Shirt, Style G5000",Gildan Adult Heavy Cotton T-Shirts are classic and durable. They are made of heavy cotton fabric and are ideal for casual wear.,CAT_014,10,Shirt
PRD_201,DAVID ARCHY Men's Undershirt Bamboo Rayon Moisture-Wicking T-Shirts Stretch Crewneck,"DAVID ARCHY Men's Undershirts are made from bamboo rayon fabric, known for its moisture-wicking properties. These stretchy crewneck T-shirts offer comfort and breathability.",CAT_014,30,Undershirt
PRD_202,"Champion Men's T-Shirt, Classic Tee for Men, Men's T-Shirt, Men's Tee",Champion Men's T-Shirts are classic tees known for their quality and style. They are versatile and suitable for various casual occasions.,CAT_014,20,Shirt
PRD_203,"CQR Men's Tactical Pants, Water Resistant Ripstop Cargo Pants, Lightweight EDC Work Hiking Pants","CQR Men's Tactical Pants are designed for outdoor and tactical activities. They are water-resistant, lightweight, and equipped with multiple pockets for utility.",CAT_014,45,Pair
PRD_204,iWoo Mens Cotton Linen Drawstring Pants Elastic Waist Casual Jogger Yoga Pants,iWoo Men's Cotton Linen Drawstring Pants are comfortable and versatile casual pants. They feature an elastic waist and are suitable for activities like yoga and jogging.,CAT_014,35,Pair
PRD_205,"CQR Men's Ripstop Work Pants, Water Resistant Tactical Pants, Outdoor Utility Operator EDC ",CQR Men's Ripstop Work Pants are durable and water-resistant tactical pants designed for outdoor work and activities. They offer functionality and ruggedness.,CAT_014,50,Pair
PRD_206,Dockers Men's Classic Fit Easy Khaki Pants,Dockers Men's Classic Fit Easy Khaki Pants are timeless and versatile pants suitable for both casual and business-casual settings.,CAT_014,50,Pair
PRD_207,Knowyou High Waisted Thongs for Women Seamless Underwear,Knowyou High Waisted Thongs for Women offer a comfortable and seamless fit. They feature a high-waisted design for a flattering look.,CAT_014,20,Pack
PRD_208,FINETOO Seamless Thongs for Women High Waisted Underwear G,FINETOO Seamless Thongs for Women are high-waisted underwear known for their seamless construction and comfort.,CAT_014,20,Pack
PRD_209,"Hanes Men's Boxer Briefs, Soft and Breathable Cotton Underwear with ComfortFlex",Hanes Men's Boxer Briefs are made from soft and breathable cotton fabric. They feature ComfortFlex waistbands for added comfort.,CAT_014,25,Pack
PRD_210,Gildan Men's Underwear Boxer Briefs,Gildan Men's Underwear Boxer Briefs are comfortable and classic underwear options known for their quality and fit.,CAT_014,20,Pack
PRD_211,PRETTYGARDEN Women's Zip Up Y2K Hoodies Casual Long Sleeve , PRETTYGARDEN Women's Zip-Up Y2K Hoodies are casual and stylish long-sleeve hoodies. They feature a zip-up front and are perfect for a laid-back look.,CAT_014,35,Hoodie
PRD_212,Caracilia Women's Zip Up Hoodies Teen Girls Oversized Sweatshirt Y2K,Caracilia Women's Zip-Up Hoodies are oversized sweatshirts with a Y2K-inspired design. They offer comfort and a trendy style.,CAT_014,45,Hoodie
PRD_213,Columbia Men's Ascender Softshell Front,"""Columbia Men's Ascender Softshell Front"" appears to be a clothing item. Additional details are needed to provide a description.",CAT_014,10,Pcs
PRD_214,"Hanes Men's Hoodie, EcoSmart Fleece Zip-Front Hooded Sweatshirt",Hanes Men's Hoodie is an eco-friendly fleece zip-front hooded sweatshirt known for its comfort and warmth.,CAT_014,15,Hoodie
PRD_215,Hope," ""Hope"" is likely a book title. However, additional information is needed to provide a description of the book's content or author.",CAT_015,15,Book
PRD_216,A Love Refracted In A Stream," ""A Love Refracted In A Stream"" appears to be a book title. Further details are required to provide a description of the book's content or author.",CAT_015,15,Book
PRD_217,Succession: A Jack Connolly Novel," ""Succession: A Jack Connolly Novel"" is a book that likely belongs to the thriller or mystery genre. It may involve suspenseful plots and intriguing characters.",CAT_015,10,Book
PRD_218,The Black Demon,"""The Black Demon"" seems to be a book title. Additional information is necessary to provide a description of the book's content or author.",CAT_015,8,Book
PRD_219,Behave: The Biology of Humans at Our Best and Worst,"The Biology of Humans at Our Best and Worst"" is a book that explores the biological factors that influence human behavior, both positively and negatively.",CAT_015,10,Book
PRD_220,"One Man's Wilderness, 50th Anniversary Edition: An Alaskan Odyssey","""One Man's Wilderness"" is a book that chronicles the adventures of Richard Proenneke as he builds a remote cabin in the Alaskan wilderness and lives off the land. The 50th Anniversary Edition includes updates and reflections on his extraordinary journey.",CAT_015,20,Book
PRD_221,A Woman of No Importance: The Untold Story of the American Spy Who Helped Win World War II,"""A Woman of No Importance"" is a historical book that unveils the remarkable story of an American female spy who played a crucial role in the Allied victory during World War II. It sheds light on her contributions and impact on history.",CAT_015,15,Book
PRD_222,Spectacular Stories for Curious Kids Animals Edition: Fascinating Tales to Inspire & Amaze Young Readers,"""Spectacular Stories for Curious Kids Animals Edition"" is a book designed to captivate young readers with fascinating tales about animals. It aims to inspire and amaze young minds with intriguing stories.",CAT_015,10,Book
PRD_223,"Journeys of a Lifetime, Second Edition: 500 of the World's Greatest Trips","Explore the world's most extraordinary travel destinations with this book. It features 500 incredible trips, providing inspiration for your next adventure.",CAT_015,25,Pcs
PRD_224,"50 States, 5,000 Ideas: Where to Go, When to Go, What to See, What to Do","Discover the wonders of the 50 states in the USA with this comprehensive guide. It offers thousands of travel ideas, including when and where to visit and what to experience.",CAT_015,25,Pcs
PRD_225,Vision Board Clip Art Book 2023: 400+ Pictures and Quotes to Cut Out and Inspire your Dreams and Goals,Create your vision board with this clip art book. It includes over 400 images and quotes to help you visualize and manifest your dreams and goals.,CAT_015,20,Pcs
PRD_226,National Geographic The World's Most Beautiful Places, National Geographic presents a stunning collection of the world's most breathtaking locations. Dive into the beauty of nature and architecture through captivating photographs.,CAT_015,30,Pcs
PRD_227,Huryfox Fiesta Party Decorations,Spice up your party with Huryfox Fiesta Party Decorations. Add vibrant and festive elements to your celebration for a memorable fiesta experience.,CAT_016,25,Pack
PRD_228,Luditek Portable Sound Activated Party Lights for Outdoor Indoor,Luditek's Portable Sound Activated Party Lights bring the party to life with dynamic lighting effects. Perfect for both indoor and outdoor gatherings.,CAT_016,20,Pack
PRD_229,NISOCY Teal Silver White Balloons Garland Arch Kit,Elevate your party decor with the NISOCY Teal Silver White Balloons Garland Arch Kit. Create a stunning balloon arch for a visually striking atmosphere.,CAT_016,25,Pack
PRD_230,Cicicooie Balloon Stand Kit for Floor with String Light 2 Set Baby Blue Centerpieces Balloon Holder Decoration,"Cicicooie Balloon Stand Kit adds charm to your celebrations. The included string lights enhance the ambiance, making it ideal for baby showers and more.",CAT_016,25,Pack
PRD_231,AMNADOF 30 Floral Blank Cards with Envelopes & Stickers,AMNADOF offers a set of 30 floral blank cards with envelopes and stickers. Personalize your messages for various occasions with these charming cards.,CAT_016,10,Pack
PRD_232,SHADE TREE GREETINGS Variety Pack Greeting Card Assortment by Fravessi,The SHADE TREE GREETINGS Variety Pack offers a wide assortment of greeting cards for different occasions. Share heartfelt messages with style.,CAT_016,15,Pack
PRD_233,Dessie 60 Unique Large Greeting Cards Assortment with Envelopes and Seals,"Dessie presents a collection of 60 unique and large greeting cards. Each card includes envelopes and seals, making it easy to convey your sentiments.",CAT_016,20,Pack
PRD_234,Hallmark All Occasion Cards Assortment Box with Envelopes,Hallmark's All Occasion Cards Assortment Box includes a variety of cards to cover numerous special moments. Keep this handy box for when you need the perfect card.,CAT_016,20,Pack
PRD_235,RUSPEPA Kraft Wrapping Paper Rolls,RUSPEPA offers high-quality Kraft wrapping paper rolls. Elevate your gift presentation with this eco-friendly and versatile wrapping paper.,CAT_016,15,Pcs
PRD_236,"Gift Wrap Organizer, Christmas Wrapping Paper Storage Bag w/Useful Pockets for Xmas Accessories",Keep your gift wrapping supplies organized with this storage bag. It features pockets for accessories and is perfect for storing Christmas wrapping paper.,CAT_016,10,Pcs
PRD_237,Hallmark All Occasion Wrapping Paper Bundle with Cut Lines on Reverse,Hallmark's Wrapping Paper Bundle includes a variety of designs for all occasions. The cut lines on the reverse side make wrapping a breeze.,CAT_016,15,Pcs
PRD_238,Hallmark All Occasion Reversible Wrapping Paper Bundle,Hallmark's Reversible Wrapping Paper Bundle offers double the options with reversible designs. Create beautifully wrapped gifts for any event.,CAT_016,15,pcs
PRD_239,"allydrew Retractable Black Ink Gel Pens, 0.5mm Fine Point",allydrew's Retractable Gel Pens provide smooth writing with a 0.5mm fine point. Ideal for everyday use in school or the office.,CAT_017,5,Pcs
PRD_240,Mesh Desk Organizer Desktop Office Supplies Multi,Keep your desk tidy and organized with this mesh desk organizer. It provides compartments for various office supplies.,CAT_017,10,Pcs
PRD_241,"Cayxenful Pencil Holder For Desk,5 Slots 360°Degree Rotating Desk Organizers And Accessories",The Cayxenful Pencil Holder offers five slots and 360° rotation for convenient access to your desk essentials.,CAT_017,15,Pcs
PRD_242,"GGIANTGO Pencil Pen Holder for Desk, Office Desk Organizer with drawer","GGIANTGO's Desk Organizer features a drawer for additional storage and keeps your pens, pencils, and other office items neatly arranged.",CAT_017,10,Pcs
PRD_243,Elmer's All Purpose School Glue Sticks,Elmer's All Purpose School Glue Sticks are essential for school projects. They provide a strong bond and are easy to use.,CAT_017,2,Pcs
PRD_244,IPepul Scientific Calculators for Students,The IPepul Scientific Calculator is designed for students and professionals. It offers various functions for math and science calculations.,CAT_017,10,Pcs
PRD_245,Dunwell 5-Subject Notebook College Ruled,"Dunwell's 5-Subject Notebook is college ruled, making it suitable for note-taking in various subjects. Keep your studies organized.",CAT_017,5,Pcs
PRD_246,Buecs Cream Colors Pastel Highlighters,Buecs Cream Colors Pastel Highlighters offer a gentle and stylish way to highlight important information in your notes.,CAT_017,5,Pcs
PRD_247,GOTOBY TN760 Toner Cartridge Replacement,GOTOBY TN760 Toner Cartridge Replacement ensures high-quality prints. It's a reliable choice for compatible printers.,CAT_017,20,Pcs
PRD_248,Offstar Toner Cartridge Replacement for Xerox Phaser 6125 ,Offstar offers a Toner Cartridge Replacement designed for Xerox Phaser 6125 printers. Achieve crisp and clear prints.,CAT_017,20,Pcs
PRD_249,Brother Genuine Cartridge TN760 High Yield Black Toner,"The Brother Genuine Cartridge TN760 delivers high-yield black toner for Brother laser printers, ensuring consistent and professional-quality prints.",CAT_017,50,Pcs
PRD_250,"Exercise Bike-Stationary Bikes Indoor Cycling Bike, Spin Bike Belt Drive Indoor Exercise Bike with LCD Monitor ",Get your cardio workout with this stationary exercise bike. It features a belt drive system and an LCD monitor to track your progress.,CAT_018,200,Pcs
PRD_251,"HOXWC Ankle Resistance Bands with Cuffs, Ankle Bands for Working Out, Ankle Resistance Band",HOXWC Ankle Resistance Bands with Cuffs are perfect for leg workouts. Use them to enhance your resistance training routine.,CAT_018,10,Pcs
PRD_252,Adjustable Dumbbells 25LB Single Dumbbell Weights,These adjustable dumbbells allow you to customize your weightlifting routine. Conveniently adjust the weight to suit your fitness level.,CAT_018,50,Pcs
PRD_253,"ANCHEER Under Desk Elliptical, Electric Seated Pedal Exerciser, Quiet & Compact Mini Elliptical Trainer ",Stay active at your desk with the ANCHEER Under Desk Elliptical. It provides a low-impact workout while you work or study.,CAT_018,100,Pcs
PRD_254,Fruit of the Loom Girls' Stay Dry Racerback Sports Bra,Fruit of the Loom Girls' Stay Dry Racerback Sports Bra offers comfort and support for active girls. It keeps them dry during physical activities.,CAT_018,10,Pcs
PRD_255,HYCOPROT Men's Compression Pants Athletic Tight,HYCOPROT Men's Compression Pants offer support and comfort during workouts. They help improve circulation and reduce muscle fatigue.,CAT_018,15,Pcs
PRD_256,Wacoal Women's Underwire Sport Bra,Wacoal Women's Underwire Sport Bra provides excellent support for active women. It's designed for comfort and durability during sports and workouts.,CAT_018,30,Pcs
PRD_257,yuyangdpb Men's Tracksuits 2 Piece Outfits Full Zip Sports Sweatsuit Jogging Suits,yuyangdpb offers a Men's Tracksuit 2 Piece Outfit for sports and casual wear. Stay stylish and comfortable during your workouts.,CAT_018,30,Pcs
PRD_258,"axefury Flashlight, Rechargeable Magnetic LED Flashlight High Powered 1300 Lumens",The axefury Rechargeable Magnetic LED Flashlight is a powerful and versatile tool with a magnetic base for hands-free use.,CAT_018,20,Pcs
PRD_259,AstroAI Balaclava Ski Mask 2 Pack Winter Fleece Thermal Face Mask Cover for Men Women Warmer,AstroAI Balaclava Ski Mask provides warmth and protection during winter activities. It's suitable for both men and women.,CAT_018,10,Pcs
PRD_260,KastKing Karryall Fishing Tackle Backpack with Rod Holders 4 Tackle Boxes,KastKing Karryall Fishing Tackle Backpack is designed for anglers. It offers convenient storage for fishing gear and includes rod holders.,CAT_018,50,Pcs
PRD_261,dachance RX Basketball Sports Glasses Football Personality Goggles Can Replace Prescription lens,dachance RX Sports Glasses are designed for athletes. They offer protection and can be fitted with prescription lenses.,CAT_018,20,Pcs
PRD_262,Retrospec Bike-Helmets Retrospec Dakota Bicycle/Skateboard Helmet for Adults,The Retrospec Dakota Helmet is suitable for adults and designed for cycling and skateboarding. Stay safe while enjoying your favorite activities.,CAT_018,20,Pcs
PRD_263,"Elite Sports Best Celestial Head Guard, a Complete Package for MMA and Kickboxing Trainees", The Elite Sports Celestial Head Guard provides protection for MMA and kickboxing trainees. It's a complete package for safety during training.,CAT_018,40,Pcs
PRD_264,Sports Research Vitamin D3 + K2 with 5000iu of Plant-Based D3,Sports Research Vitamin D3 + K2 is a dietary supplement designed to support bone and cardiovascular health. It contains plant-based D3 and K2.,CAT_019,15,Pcs
PRD_265,Garden of Life Multivitamin for Women - mykind Organic Women's Once Daily Whole,"A daily multivitamin supplement designed for women, made from organic whole foods for comprehensive nutritional support.",CAT_019,25,Pcs
PRD_266,"ONE A DAY Womens Complete Daily Multivitamin with Vitamin A, B , C, D, and E",A complete daily multivitamin formulated to provide essential vitamins and minerals for women's health.,CAT_019,10,Pcs
PRD_267,Bronson Super B Vitamin B Complex Sustained Slow Release, A B-vitamin complex supplement with sustained slow release for long-lasting energy and metabolism support.,CAT_019,10,Pcs
PRD_268,"Advil Pain Reliever and Fever Reducer, Pain Relief Medicine with Ibuprofen 200mg ", A trusted pain relief medicine containing ibuprofen to relieve various types of pain and reduce fever.,CAT_019,7.99,Pcs
PRD_269,"Pepcid AC Maximum Strength Heartburn Relief Tablets, Prevents & Relieves Heartburn",Maximum strength heartburn relief tablets that help prevent and alleviate heartburn symptoms.,CAT_019,13.49,Pcs
PRD_270,"Maximum Strength Mucinex Fast-Max DM Max Liquid, 6 fl. oz. Controls Cough",A maximum strength cough medicine in liquid form to control coughs and relieve chest congestion.,CAT_019,10.97,Pcs
PRD_271,Ever Ready First Aid Adult and Infant CPR Mask Combo Kit with 2 Valves with Pair of Nitrile Gloves,"A CPR mask combo kit with masks for adults and infants, complete with valves and gloves for safety.",CAT_019,8.95,Pcs
PRD_272,Rapid Care First Aid 80093 2 Shelf ANSI/OSHA Compliant All Purpose First Aid Cabinet,"An all-purpose first aid cabinet with two shelves, compliant with ANSI/OSHA standards, stocked with essential first aid supplies.",CAT_019,89.95,Pcs
PRD_273,Home-Car-First-Aid-Kit-Camping-Essentials - 263pcs Waterproof Zippers is Ideal for Travel,"A comprehensive first aid kit with 263 pieces, suitable for home, car, camping, and travel, featuring waterproof zippers for durability.",CAT_019,26.99,Pcs
PRD_274,"Sting-kill First Aid Anesthetic Swabs, Instant Pain + Itch Relief from Bee Stings and Bug Bites",Swabs containing anesthetic for instant pain and itch relief from bee stings and bug bites.,CAT_019,6.2,Pcs
PRD_275,"Takis Crisps Fuego Spicy Potato Crisps, Chili Pepper Lime Flavored Stackable Hot Chips",Spicy chili pepper and lime-flavored potato crisps with a fiery kick.,CAT_020,16.94,Pcs
PRD_276,"Pringles Potato Crisps Chips, Lunch Snacks, Office and Kids Snacks, Grab N' Go, BBQ",Classic BBQ-flavored potato crisps in a convenient grab-and-go canister.,CAT_020,9,Pcs
PRD_277,Walkers Salt & Vinegar Crisps 20 X 25G and Premier Life Pen,"A pack of 20 salt and vinegar-flavored crisps by Walkers, accompanied by a Premier Life pen.",CAT_020,15,Pcs
PRD_278,Walkers Baked Salt & Vinegar Crisps 6 X 25G,"Baked salt and vinegar-flavored crisps by Walkers, with six individual servings.",CAT_020,5,Pcs
PRD_279,"365 by Whole Foods Market, Organic Microwave Popcorn, 21 Ounce", Organic microwave popcorn for a quick and wholesome snack.,CAT_020,4,Pcs
PRD_280,Franklin's Original Whirley Pop Stovetop Popcorn Machine Popper. Delicious & Healthy Movie Theater Popcorn Maker.,A stovetop popcorn machine that makes delicious and healthy movie theater-style popcorn.,CAT_020,42,Pcs
PRD_281,"Gold Medal Popcorn Kit Coconut, 8oz kit for 6 Oz popper","A popcorn kit with coconut oil, perfect for use with a 6 oz popcorn popper.",CAT_020,10,Pcs
PRD_282,"Wonderful Pistachios In Shell, Roasted and Salted Nuts",Roasted and salted pistachios still in their shells for a delicious snack.,CAT_020,14,Pcs
PRD_283,Nut Harvest Nut & Fruit Mix,A mix of nuts and dried fruits for a nutritious and flavorful snack.,CAT_020,13,Pcs
PRD_284,Kar’s Nuts Roasted & Salted Sunflower Kernels,"Roasted and salted sunflower kernels, a crunchy and satisfying snack.",CAT_020,13,Pcs
PRD_285,"Laffy Taffy Candy, School Candy, Fruit Combos, Individually Wrapped Mini Bars",Individually wrapped mini bars of Laffy Taffy candy in fruit flavors.,CAT_020,11,Pcs
PRD_286,LIFE SAVERS Hard Candy 5 Flavors,The classic LIFE SAVERS hard candies in five different fruity flavors.,CAT_020,7.8,Pcs
PRD_287,"SKITTLES, STARBURST & LIFE SAVERS Gummy Variety Pack Fun Size Chewy Candy"," A variety pack containing SKITTLES, STARBURST, and LIFE SAVERS gummy candies in fun sizes.",CAT_020,15,Pcs
PRD_288,Hazel & Creme Cookies Gift Basket - Gourmet Gift Box - Food Gifts for Women/Men - Vegan Chocolate Gift Box,"A gourmet gift box featuring a selection of delicious cookies, perfect for gifting.",CAT_020,25,Pcs
PRD_289,Merci Petits Chocolat Collection,A collection of fine chocolates from Merci in various flavors.,CAT_020,10,Pcs
PRD_290,"Nestle Quality Street 650g Tub of Assorted Wrapped Chocolates
",A tub of assorted wrapped chocolates from Nestle's Quality Street.,CAT_020,16.95,Pcs
PRD_291,Blue Diamond Almonds Dark Chocolate Cocoa Dusted Snack Nuts,Almonds coated in dark chocolate cocoa for a satisfying and indulgent snack.,CAT_020,8.37,Pcs
PRD_292,Iphone 14,"The iPhone 14, Apple's latest smartphone model with advanced features and capabilities.",CAT_022,800,Phone
PRD_293,Iphone 13,"The iPhone 13, a previous model of Apple's popular smartphone with impressive performance.",CAT_022,750,Phone
PRD_294,Iphone 12,"The iPhone 12, known for its sleek design and powerful performance.",CAT_022,699,Phone
PRD_295,Iphone 11,"The iPhone 11, a reliable and feature-rich smartphone by Apple.",CAT_022,600,Phone
PRD_296,Canon EOS Rebel T7 DSLR Camera with 18-55mm Lens | Built-in Wi-Fi | 24.1 MP CMOS Sensor | DIGIC 4+ Image Processor,"A DSLR camera by Canon with built-in Wi-Fi, a 24.1 MP CMOS sensor, and DIGIC 4+ image processor for high-quality photos.",CAT_022,429,Camera
PRD_297,Fujifilm Instax Mini 12 Instant Camera,A compact instant camera by Fujifilm for capturing and printing photos instantly.,CAT_022,69,Camera
PRD_298,KODAK PIXPRO AZ405-BK 20MP Digital Camera 40X Optical Zoom 24mm Wide Angle Lens Optical Image Stabilization 1080,"A digital camera by KODAK with 20MP resolution, 40X optical zoom, and optical image stabilization for clear photos and videos.",CAT_022,200,Camera
PRD_299,ORDRO Camcorders Video Camera 4k Camcorder WiFi Night Vision Video Cameras with Microphone Wide Angle Lens," A camcorder by ORDRO with 4K video recording, Wi-Fi connectivity, night vision, and a wide-angle lens for versatile video shooting.",CAT_022,169,Pcs
PRD_300,"SAMSUNG Galaxy Tab S6 Lite 10.4"" 64GB Android Tablet, S Pen Included, Slim Metal Design, AKG Dual Speakers","A Samsung Android tablet with a 10.4-inch display, S Pen, slim metal design, and AKG dual speakers for entertainment and productivity.",CAT_022,349.99,Pcs
PRD_301,"SAMSUNG Galaxy Tab S8 11” 128GB WiFi 6E Android Tablet, Large LCD Screen, S Pen Included, Ultra Wide Camera, Long Lasting Battery","The Samsung Galaxy Tab S8, an Android tablet with an 11-inch LCD screen, S Pen, ultra-wide camera, and long-lasting battery for enhanced performance.",CAT_022,749.9,Pcs
PRD_302,Apple iPad Air  5,"The fifth generation of the Apple iPad Air, known for its powerful features and sleek design.",CAT_022,599,Tab
PRD_303,Apple iPad Pro 2022," The 2022 model of the Apple iPad Pro, designed for high performance and versatility.",CAT_022,800,Tab
PRD_304,Casing Phone,A phone case or protective cover designed to fit various phone models and offer protection and style,CAT_022,30,Pcs
PRD_305,Phone Charger,A charger compatible with a variety of phone models for recharging battery.,CAT_022,35,Pcs
PRD_306,Phone Charger Lightning,A lightning cable charger designed for Apple devices with lightning ports.,CAT_022,40,Pcs
PRD_307,Airpods Pro 2,"The second-generation Apple AirPods Pro, known for their noise-cancellation and high-quality audio.",CAT_022,250,Pcs
PRD_308,Apple Pencil,"The Apple Pencil, designed for precise drawing and writing on compatible Apple devices.",CAT_022,129,Pcs
PRD_309,Apple Watch 8,"The eighth generation of the Apple Watch, known for its fitness and health tracking features.",CAT_022,400,Pcs
PRD_310,Samsung Airbuds,"Wireless earbuds by Samsung, designed for high-quality audio and convenience.",CAT_022,150,Pcs